month,admin,phe_covid,title42,border_national_emergency,mpp_active,clp_rule_active,mayorkas_priorities_active,title42_uac_exempt
1/1/2015,Obama,0,0,0,0,0,0,0
2/1/2015,Obama,0,0,0,0,0,0,0
3/1/2015,Obama,0,0,0,0,0,0,0
4/1/2015,Obama,0,0,0,0,0,0,0
5/1/2015,Obama,0,0,0,0,0,0,0
6/1/2015,Obama,0,0,0,0,0,0,0
7/1/2015,Obama,0,0,0,0,0,0,0
8/1/2015,Obama,0,0,0,0,0,0,0
9/1/2015,Obama,0,0,0,0,0,0,0
10/1/2015,Obama,0,0,0,0,0,0,0
11/1/2015,Obama,0,0,0,0,0,0,0
12/1/2015,Obama,0,0,0,0,0,0,0
1/1/2016,Obama,0,0,0,0,0,0,0
2/1/2016,Obama,0,0,0,0,0,0,0
3/1/2016,Obama,0,0,0,0,0,0,0
4/1/2016,Obama,0,0,0,0,0,0,0
5/1/2016,Obama,0,0,0,0,0,0,0
6/1/2016,Obama,0,0,0,0,0,0,0
7/1/2016,Obama,0,0,0,0,0,0,0
8/1/2016,Obama,0,0,0,0,0,0,0
9/1/2016,Obama,0,0,0,0,0,0,0
10/1/2016,Obama,0,0,0,0,0,0,0
11/1/2016,Obama,0,0,0,0,0,0,0
12/1/2016,Obama,0,0,0,0,0,0,0
1/1/2017,Obama,0,0,0,0,0,0,0
2/1/2017,Trump,0,0,0,0,0,0,0
3/1/2017,Trump,0,0,0,0,0,0,0
4/1/2017,Trump,0,0,0,0,0,0,0
5/1/2017,Trump,0,0,0,0,0,0,0
6/1/2017,Trump,0,0,0,0,0,0,0
7/1/2017,Trump,0,0,0,0,0,0,0
8/1/2017,Trump,0,0,0,0,0,0,0
9/1/2017,Trump,0,0,0,0,0,0,0
10/1/2017,Trump,0,0,0,0,0,0,0
11/1/2017,Trump,0,0,0,0,0,0,0
12/1/2017,Trump,0,0,0,0,0,0,0
1/1/2018,Trump,0,0,0,0,0,0,0
2/1/2018,Trump,0,0,0,0,0,0,0
3/1/2018,Trump,0,0,0,0,0,0,0
4/1/2018,Trump,0,0,0,0,0,0,0
5/1/2018,Trump,0,0,0,0,0,0,0
6/1/2018,Trump,0,0,0,0,0,0,0
7/1/2018,Trump,0,0,0,0,0,0,0
8/1/2018,Trump,0,0,0,0,0,0,0
9/1/2018,Trump,0,0,0,0,0,0,0
10/1/2018,Trump,0,0,0,0,0,0,0
11/1/2018,Trump,0,0,0,0,0,0,0
12/1/2018,Trump,0,0,0,0,0,0,0
1/1/2019,Trump,0,0,0,1,0,0,0
2/1/2019,Trump,0,0,1,1,0,0,0
3/1/2019,Trump,0,0,1,1,0,0,0
4/1/2019,Trump,0,0,1,1,0,0,0
5/1/2019,Trump,0,0,1,1,0,0,0
6/1/2019,Trump,0,0,1,1,0,0,0
7/1/2019,Trump,0,0,1,1,0,0,0
8/1/2019,Trump,0,0,1,1,0,0,0
9/1/2019,Trump,0,0,1,1,0,0,0
10/1/2019,Trump,0,0,1,1,0,0,0
11/1/2019,Trump,0,0,1,1,0,0,0
12/1/2019,Trump,0,0,1,1,0,0,0
1/1/2020,Trump,1,0,1,1,0,0,0
2/1/2020,Trump,1,0,1,1,0,0,0
3/1/2020,Trump,1,1,1,1,0,0,0
4/1/2020,Trump,1,1,1,1,0,0,0
5/1/2020,Trump,1,1,1,1,0,0,0
6/1/2020,Trump,1,1,1,1,0,0,0
7/1/2020,Trump,1,1,1,1,0,0,0
8/1/2020,Trump,1,1,1,1,0,0,0
9/1/2020,Trump,1,1,1,1,0,0,0
10/1/2020,Trump,1,1,1,1,0,0,0
11/1/2020,Trump,1,1,1,1,0,0,0
12/1/2020,Trump,1,1,1,1,0,0,0
1/1/2021,Trump,1,1,1,1,0,0,0
2/1/2021,Biden,1,1,1,0,0,0,0
3/1/2021,Biden,1,1,0,0,0,0,0
4/1/2021,Biden,1,1,0,0,0,0,0
5/1/2021,Biden,1,1,0,0,0,0,0
6/1/2021,Biden,1,1,0,0,0,0,0
7/1/2021,Biden,1,1,0,0,0,0,0
8/1/2021,Biden,1,1,0,0,0,0,1
9/1/2021,Biden,1,1,0,0,0,0,1
10/1/2021,Biden,1,1,0,0,0,0,1
11/1/2021,Biden,1,1,0,0,0,1,1
12/1/2021,Biden,1,1,0,1,0,1,1
1/1/2022,Biden,1,1,0,1,0,1,1
2/1/2022,Biden,1,1,0,1,0,1,1
3/1/2022,Biden,1,1,0,1,0,1,1
4/1/2022,Biden,1,1,0,1,0,1,1
5/1/2022,Biden,1,1,0,1,0,1,1
6/1/2022,Biden,1,1,0,1,0,1,1
7/1/2022,Biden,1,1,0,1,0,1,1
8/1/2022,Biden,1,1,0,1,0,1,1
9/1/2022,Biden,1,1,0,1,0,1,1
10/1/2022,Biden,1,1,0,1,0,1,1
11/1/2022,Biden,1,1,0,0,0,1,1
12/1/2022,Biden,1,1,0,0,0,1,1
1/1/2023,Biden,1,1,0,0,0,1,1
2/1/2023,Biden,1,1,0,0,0,1,1
3/1/2023,Biden,1,1,0,0,0,1,1
4/1/2023,Biden,1,1,0,0,0,1,1
5/1/2023,Biden,1,1,0,0,1,1,1
6/1/2023,Biden,0,0,0,0,1,1,0
7/1/2023,Biden,0,0,0,0,1,1,0
8/1/2023,Biden,0,0,0,0,1,1,0
9/1/2023,Biden,0,0,0,0,1,1,0
10/1/2023,Biden,0,0,0,0,1,1,0
11/1/2023,Biden,0,0,0,0,1,1,0
12/1/2023,Biden,0,0,0,0,1,1,0
1/1/2024,Biden,0,0,0,0,1,1,0
2/1/2024,Biden,0,0,0,0,1,1,0
3/1/2024,Biden,0,0,0,0,1,1,0
4/1/2024,Biden,0,0,0,0,1,1,0
5/1/2024,Biden,0,0,0,0,1,1,0
6/1/2024,Biden,0,0,0,0,1,1,0
7/1/2024,Biden,0,0,0,0,1,1,0
8/1/2024,Biden,0,0,0,0,1,1,0
9/1/2024,Biden,0,0,0,0,1,1,0
10/1/2024,Biden,0,0,0,0,1,1,0
11/1/2024,Biden,0,0,0,0,1,1,0
12/1/2024,Biden,0,0,0,0,1,1,0
1/1/2025,Biden,0,0,0,1,1,1,0
2/1/2025,Trump,0,0,0,1,1,1,0
3/1/2025,Trump,0,0,0,1,1,1,0
4/1/2025,Trump,0,0,0,1,1,1,0
5/1/2025,Trump,0,0,0,1,1,1,0
6/1/2025,Trump,0,0,0,1,0,1,0
7/1/2025,Trump,0,0,0,1,0,1,0
8/1/2025,Trump,0,0,0,1,0,1,0
9/1/2025,Trump,0,0,0,1,0,1,0
10/1/2025,Trump,0,0,0,1,0,1,0
11/1/2025,Trump,0,0,0,1,0,1,0
12/1/2025,Trump,0,0,0,1,0,1,0
